id,name,category,availability
photos_1,Ace's Photo,Photos,Friendship 
photos_2,Ace's Poster,Posters,Nook Shopping 
photos_3,Admiral's Photo,Photos,Friendship 
photos_4,Admiral's Poster,Posters,Nook Shopping 
photos_5,Agent S's Photo,Photos,Friendship 
photos_6,Agent S's Poster,Posters,Nook Shopping 
photos_7,Agnes's Photo,Photos,Friendship 
photos_8,Agnes's Poster,Posters,Nook Shopping 
photos_9,Al's Photo,Photos,Friendship 
photos_10,Al's Poster,Posters,Nook Shopping 
photos_11,Alfonso's Photo,Photos,Friendship 
photos_12,Alfonso's Poster,Posters,Nook Shopping 
photos_13,Alice's Photo,Photos,Friendship 
photos_14,Alice's Poster,Posters,Nook Shopping 
photos_15,Alli's Photo,Photos,Friendship 
photos_16,Alli's Poster,Posters,Nook Shopping 
photos_17,Amelia's Photo,Photos,Friendship 
photos_18,Amelia's Poster,Posters,Nook Shopping 
photos_19,Anabelle's Photo,Photos,Friendship 
photos_20,Anabelle's Poster,Posters,Nook Shopping 
photos_21,Anchovy's Photo,Photos,Friendship 
photos_22,Anchovy's Poster,Posters,Nook Shopping 
photos_23,Angus's Photo,Photos,Friendship 
photos_24,Angus's Poster,Posters,Nook Shopping 
photos_25,Anicotti's Photo,Photos,Friendship 
photos_26,Anicotti's Poster,Posters,Nook Shopping 
photos_27,Ankha's Photo,Photos,Friendship 
photos_28,Ankha's Poster,Posters,Nook Shopping 
photos_29,Annalisa's Photo,Photos,Friendship 
photos_30,Annalisa's Poster,Posters,Nook Shopping 
photos_31,Annalise's Photo,Photos,Friendship 
photos_32,Annalise's Poster,Posters,Nook Shopping 
photos_33,Antonio's Photo,Photos,Friendship 
photos_34,Antonio's Poster,Posters,Nook Shopping 
photos_35,Apollo's Photo,Photos,Friendship 
photos_36,Apollo's Poster,Posters,Nook Shopping 
photos_37,Apple's Photo,Photos,Friendship 
photos_38,Apple's Poster,Posters,Nook Shopping 
photos_39,Astrid's Photo,Photos,Friendship 
photos_40,Astrid's Poster,Posters,Nook Shopping 
photos_41,Audie's Photo,Photos,Friendship 
photos_42,Audie's Poster,Posters,Nook Shopping 
photos_43,Aurora's Photo,Photos,Friendship 
photos_44,Aurora's Poster,Posters,Nook Shopping 
photos_45,Ava's Photo,Photos,Friendship 
photos_46,Ava's Poster,Posters,Nook Shopping 
photos_47,Avery's Photo,Photos,Friendship 
photos_48,Avery's Poster,Posters,Nook Shopping 
photos_49,Axel's Photo,Photos,Friendship 
photos_50,Axel's Poster,Posters,Nook Shopping 
photos_51,Azalea's Photo,Photos,Friendship 
photos_52,Azalea's Poster,Posters,Nook Shopping 
photos_53,Baabara's Photo,Photos,Friendship 
photos_54,Baabara's Poster,Posters,Nook Shopping 
photos_55,Bam's Photo,Photos,Friendship 
photos_56,Bam's Poster,Posters,Nook Shopping 
photos_57,Bangle's Photo,Photos,Friendship 
photos_58,Bangle's Poster,Posters,Nook Shopping 
photos_59,Barold's Photo,Photos,Friendship 
photos_60,Barold's Poster,Posters,Nook Shopping 
photos_61,Bea's Photo,Photos,Friendship 
photos_62,Bea's Poster,Posters,Nook Shopping 
photos_63,Beardo's Photo,Photos,Friendship 
photos_64,Beardo's Poster,Posters,Nook Shopping 
photos_65,Beau's Photo,Photos,Friendship 
photos_66,Beau's Poster,Posters,Nook Shopping 
photos_67,Becky's Photo,Photos,Friendship 
photos_68,Becky's Poster,Posters,Nook Shopping 
photos_69,Bella's Photo,Photos,Friendship 
photos_70,Bella's Poster,Posters,Nook Shopping 
photos_71,Benedict's Photo,Photos,Friendship 
photos_72,Benedict's Poster,Posters,Nook Shopping 
photos_73,Benjamin's Photo,Photos,Friendship 
photos_74,Benjamin's Poster,Posters,Nook Shopping 
photos_75,Bertha's Photo,Photos,Friendship 
photos_76,Bertha's Poster,Posters,Nook Shopping 
photos_77,Bettina's Photo,Photos,Friendship 
photos_78,Bettina's Poster,Posters,Nook Shopping 
photos_79,Bianca's Photo,Photos,Friendship 
photos_80,Bianca's Poster,Posters,Nook Shopping 
photos_81,Biff's Photo,Photos,Friendship 
photos_82,Biff's Poster,Posters,Nook Shopping 
photos_83,Big Top's Photo,Photos,Friendship 
photos_84,Big Top's Poster,Posters,Nook Shopping 
photos_85,Bill's Photo,Photos,Friendship 
photos_86,Bill's Poster,Posters,Nook Shopping 
photos_87,Billy's Photo,Photos,Friendship 
photos_88,Billy's Poster,Posters,Nook Shopping 
photos_89,Biskit's Photo,Photos,Friendship 
photos_90,Biskit's Poster,Posters,Nook Shopping 
photos_91,Bitty's Photo,Photos,Friendship 
photos_92,Bitty's Poster,Posters,Nook Shopping 
photos_93,Blaire's Photo,Photos,Friendship 
photos_94,Blaire's Poster,Posters,Nook Shopping 
photos_95,Blanca's Photo,Photos,Lottie 
photos_96,Blanca's Poster,Posters,Nook Shopping 
photos_97,Blanche's Photo,Photos,Friendship 
photos_98,Blanche's Poster,Posters,Nook Shopping 
photos_99,Blathers's Photo,Photos,Lottie 
photos_100,Blathers's Poster,Posters,Nook Shopping 
photos_101,Bluebear's Photo,Photos,Friendship 
photos_102,Bluebear's Poster,Posters,Nook Shopping 
photos_103,Bob's Photo,Photos,Friendship 
photos_104,Bob's Poster,Posters,Nook Shopping 
photos_105,Bonbon's Photo,Photos,Friendship 
photos_106,Bonbon's Poster,Posters,Nook Shopping 
photos_107,Bones's Photo,Photos,Friendship 
photos_108,Bones's Poster,Posters,Nook Shopping 
photos_109,Booker's Photo,Photos,Lottie 
photos_110,Booker's Poster,Posters,Nook Shopping 
photos_111,Boomer's Photo,Photos,Friendship 
photos_112,Boomer's Poster,Posters,Nook Shopping 
photos_113,Boone's Photo,Photos,Friendship 
photos_114,Boone's Poster,Posters,Nook Shopping 
photos_115,Boots's Photo,Photos,Friendship 
photos_116,Boots's Poster,Posters,Nook Shopping 
photos_117,Boris's Photo,Photos,Friendship 
photos_118,Boris's Poster,Posters,Nook Shopping 
photos_119,Boyd's Photo,Photos,Friendship 
photos_120,Boyd's Poster,Posters,Nook Shopping 
photos_121,Bree's Photo,Photos,Friendship 
photos_122,Bree's Poster,Posters,Nook Shopping 
photos_123,Brewster's Photo,Photos,Blathers Lottie 
photos_124,Brewster's Poster,Posters,Nook Shopping 
photos_125,Broccolo's Photo,Photos,Friendship 
photos_126,Broccolo's Poster,Posters,Nook Shopping 
photos_127,Broffina's Photo,Photos,Friendship 
photos_128,Broffina's Poster,Posters,Nook Shopping 
photos_129,Bruce's Photo,Photos,Friendship 
photos_130,Bruce's Poster,Posters,Nook Shopping 
photos_131,Bubbles's Photo,Photos,Friendship 
photos_132,Bubbles's Poster,Posters,Nook Shopping 
photos_133,Buck's Photo,Photos,Friendship 
photos_134,Buck's Poster,Posters,Nook Shopping 
photos_135,Bud's Photo,Photos,Friendship 
photos_136,Bud's Poster,Posters,Nook Shopping 
photos_137,Bunnie's Photo,Photos,Friendship 
photos_138,Bunnie's Poster,Posters,Nook Shopping 
photos_139,Butch's Photo,Photos,Friendship 
photos_140,Butch's Poster,Posters,Nook Shopping 
photos_141,Buzz's Photo,Photos,Friendship 
photos_142,Buzz's Poster,Posters,Nook Shopping 
photos_143,C.J.'s Photo,Photos,Lottie 
photos_144,C.J.'s Poster,Posters,Nook Shopping 
photos_145,Cally's Photo,Photos,Friendship 
photos_146,Cally's Poster,Posters,Nook Shopping 
photos_147,Camofrog's Photo,Photos,Friendship 
photos_148,Camofrog's Poster,Posters,Nook Shopping 
photos_149,Canberra's Photo,Photos,Friendship 
photos_150,Canberra's Poster,Posters,Nook Shopping 
photos_151,Candi's Photo,Photos,Friendship 
photos_152,Candi's Poster,Posters,Nook Shopping 
photos_153,Carmen's Photo,Photos,Friendship 
photos_154,Carmen's Poster,Posters,Nook Shopping 
photos_155,Caroline's Photo,Photos,Friendship 
photos_156,Caroline's Poster,Posters,Nook Shopping 
photos_157,Carrie's Photo,Photos,Friendship 
photos_158,Carrie's Poster,Posters,Nook Shopping 
photos_159,Cashmere's Photo,Photos,Friendship 
photos_160,Cashmere's Poster,Posters,Nook Shopping 
photos_161,Celeste's Photo,Photos,Lottie 
photos_162,Celeste's Poster,Posters,Nook Shopping 
photos_163,Celia's Photo,Photos,Friendship 
photos_164,Celia's Poster,Posters,Nook Shopping 
photos_165,Cephalobot's Photo,Photos,Friendship 
photos_166,Cephalobot's Poster,Posters,Nook Shopping 
photos_167,Cesar's Photo,Photos,Friendship 
photos_168,Cesar's Poster,Posters,Nook Shopping 
photos_169,Chabwick's Photo,Photos,Friendship 
photos_170,Chabwick's Poster,Posters,Nook Shopping 
photos_171,Chadder's Photo,Photos,Friendship 
photos_172,Chadder's Poster,Posters,Nook Shopping 
photos_173,Chai's Photo,Photos,Friendship 
photos_174,Chai's Poster,Posters,Nook Shopping 
photos_175,Charlise's Photo,Photos,Friendship 
photos_176,Charlise's Poster,Posters,Nook Shopping 
photos_177,Chelsea's Photo,Photos,Friendship 
photos_178,Chelsea's Poster,Posters,Nook Shopping 
photos_179,Cheri's Photo,Photos,Friendship 
photos_180,Cheri's Poster,Posters,Nook Shopping 
photos_181,Cherry's Photo,Photos,Friendship 
photos_182,Cherry's Poster,Posters,Nook Shopping 
photos_183,Chester's Photo,Photos,Friendship 
photos_184,Chester's Poster,Posters,Nook Shopping 
photos_185,Chevre's Photo,Photos,Friendship 
photos_186,Chevre's Poster,Posters,Nook Shopping 
photos_187,Chief's Photo,Photos,Friendship 
photos_188,Chief's Poster,Posters,Nook Shopping 
photos_189,Chip's Photo,Photos,Lottie 
photos_190,Chip's Poster,Posters,Nook Shopping 
photos_191,Chops's Photo,Photos,Friendship 
photos_192,Chops's Poster,Posters,Nook Shopping 
photos_193,Chow's Photo,Photos,Friendship 
photos_194,Chow's Poster,Posters,Nook Shopping 
photos_195,Chrissy's Photo,Photos,Friendship 
photos_196,Chrissy's Poster,Posters,Nook Shopping 
photos_197,Cinnamoroll Poster,Posters,Nook Shopping 
photos_198,Claude's Photo,Photos,Friendship 
photos_199,Claude's Poster,Posters,Nook Shopping 
photos_200,Claudia's Photo,Photos,Friendship 
photos_201,Claudia's Poster,Posters,Nook Shopping 
photos_202,Clay's Photo,Photos,Friendship 
photos_203,Clay's Poster,Posters,Nook Shopping 
photos_204,Cleo's Photo,Photos,Friendship 
photos_205,Cleo's Poster,Posters,Nook Shopping 
photos_206,Clyde's Photo,Photos,Friendship 
photos_207,Clyde's Poster,Posters,Nook Shopping 
photos_208,Coach's Photo,Photos,Friendship 
photos_209,Coach's Poster,Posters,Nook Shopping 
photos_210,Cobb's Photo,Photos,Friendship 
photos_211,Cobb's Poster,Posters,Nook Shopping 
photos_212,Coco's Photo,Photos,Friendship 
photos_213,Coco's Poster,Posters,Nook Shopping 
photos_214,Cole's Photo,Photos,Friendship 
photos_215,Cole's Poster,Posters,Nook Shopping 
photos_216,Colton's Photo,Photos,Friendship 
photos_217,Colton's Poster,Posters,Nook Shopping 
photos_218,Cookie's Photo,Photos,Friendship 
photos_219,Cookie's Poster,Posters,Nook Shopping 
photos_220,Copper's Photo,Photos,Lottie 
photos_221,Copper's Poster,Posters,Nook Shopping 
photos_222,Cousteau's Photo,Photos,Friendship 
photos_223,Cousteau's Poster,Posters,Nook Shopping 
photos_224,Cranston's Photo,Photos,Friendship 
photos_225,Cranston's Poster,Posters,Nook Shopping 
photos_226,Croque's Photo,Photos,Friendship 
photos_227,Croque's Poster,Posters,Nook Shopping 
photos_228,Cube's Photo,Photos,Friendship 
photos_229,Cube's Poster,Posters,Nook Shopping 
photos_230,Curlos's Photo,Photos,Friendship 
photos_231,Curlos's Poster,Posters,Nook Shopping 
photos_232,Curly's Photo,Photos,Friendship 
photos_233,Curly's Poster,Posters,Nook Shopping 
photos_234,Curt's Photo,Photos,Friendship 
photos_235,Curt's Poster,Posters,Nook Shopping 
photos_236,Cyd's Photo,Photos,Friendship 
photos_237,Cyd's Poster,Posters,Nook Shopping 
photos_238,Cyrano's Photo,Photos,Friendship 
photos_239,Cyrano's Poster,Posters,Nook Shopping 
photos_240,Cyrus's Photo,Photos,Lottie 
photos_241,Cyrus's Poster,Posters,Nook Shopping 
photos_242,Daisy Mae's Photo,Photos,Lottie 
photos_243,Daisy Mae's Poster,Posters,Nook Shopping 
photos_244,Daisy's Photo,Photos,Friendship 
photos_245,Daisy's Poster,Posters,Nook Shopping 
photos_246,Deena's Photo,Photos,Friendship 
photos_247,Deena's Poster,Posters,Nook Shopping 
photos_248,Deirdre's Photo,Photos,Friendship 
photos_249,Deirdre's Poster,Posters,Nook Shopping 
photos_250,Del's Photo,Photos,Friendship 
photos_251,Del's Poster,Posters,Nook Shopping 
photos_252,Deli's Photo,Photos,Friendship 
photos_253,Deli's Poster,Posters,Nook Shopping 
photos_254,Derwin's Photo,Photos,Friendship 
photos_255,Derwin's Poster,Posters,Nook Shopping 
photos_256,Diana's Photo,Photos,Friendship 
photos_257,Diana's Poster,Posters,Nook Shopping 
photos_258,Digby's Photo,Photos,Lottie 
photos_259,Digby's Poster,Posters,Nook Shopping 
photos_260,Diva's Photo,Photos,Friendship 
photos_261,Diva's Poster,Posters,Nook Shopping 
photos_262,Dizzy's Photo,Photos,Friendship 
photos_263,Dizzy's Poster,Posters,Nook Shopping 
photos_264,DJ KK's Photo,Photos,Lottie 
photos_265,DJ KK's Poster,Posters,Nook Shopping 
photos_266,Dobie's Photo,Photos,Friendship 
photos_267,Dobie's Poster,Posters,Nook Shopping 
photos_268,Doc's Photo,Photos,Friendship 
photos_269,Doc's Poster,Posters,Nook Shopping 
photos_270,Dom's Photo,Photos,Friendship 
photos_271,Dom's Poster,Posters,Nook Shopping 
photos_272,Don's Photo,Photos,Lottie 
photos_273,Don's Poster,Posters,Nook Shopping 
photos_274,Dora's Photo,Photos,Friendship 
photos_275,Dora's Poster,Posters,Nook Shopping 
photos_276,Dotty's Photo,Photos,Friendship 
photos_277,Dotty's Poster,Posters,Nook Shopping 
photos_278,Drago's Photo,Photos,Friendship 
photos_279,Drago's Poster,Posters,Nook Shopping 
photos_280,Drake's Photo,Photos,Friendship 
photos_281,Drake's Poster,Posters,Nook Shopping 
photos_282,Drift's Photo,Photos,Friendship 
photos_283,Drift's Poster,Posters,Nook Shopping 
photos_284,Ed's Photo,Photos,Friendship 
photos_285,Ed's Poster,Posters,Nook Shopping 
photos_286,Egbert's Photo,Photos,Friendship 
photos_287,Egbert's Poster,Posters,Nook Shopping 
photos_288,Elise's Photo,Photos,Friendship 
photos_289,Elise's Poster,Posters,Nook Shopping 
photos_290,Ellie's Photo,Photos,Friendship 
photos_291,Ellie's Poster,Posters,Nook Shopping 
photos_292,Elmer's Photo,Photos,Friendship 
photos_293,Elmer's Poster,Posters,Nook Shopping 
photos_294,Eloise's Photo,Photos,Friendship 
photos_295,Eloise's Poster,Posters,Nook Shopping 
photos_296,Elvis's Photo,Photos,Friendship 
photos_297,Elvis's Poster,Posters,Nook Shopping 
photos_298,Erik's Photo,Photos,Friendship 
photos_299,Erik's Poster,Posters,Nook Shopping 
photos_300,Étoile's Photo,Photos,Friendship 
photos_301,Étoile's Poster,Posters,Nook Shopping 
photos_302,Eugene's Photo,Photos,Friendship 
photos_303,Eugene's Poster,Posters,Nook Shopping 
photos_304,Eunice's Photo,Photos,Friendship 
photos_305,Eunice's Poster,Posters,Nook Shopping 
photos_306,Faith's Photo,Photos,Friendship 
photos_307,Faith's Poster,Posters,Nook Shopping 
photos_308,Fang's Photo,Photos,Friendship 
photos_309,Fang's Poster,Posters,Nook Shopping 
photos_310,Fauna's Photo,Photos,Friendship 
photos_311,Fauna's Poster,Posters,Nook Shopping 
photos_312,Felicity's Photo,Photos,Friendship 
photos_313,Felicity's Poster,Posters,Nook Shopping 
photos_314,Filbert's Photo,Photos,Friendship 
photos_315,Filbert's Poster,Posters,Nook Shopping 
photos_316,Flick's Photo,Photos,Lottie 
photos_317,Flick's Poster,Posters,Nook Shopping 
photos_318,Flip's Photo,Photos,Friendship 
photos_319,Flip's Poster,Posters,Nook Shopping 
photos_320,Flo's Photo,Photos,Friendship 
photos_321,Flo's Poster,Posters,Nook Shopping 
photos_322,Flora's Photo,Photos,Friendship 
photos_323,Flora's Poster,Posters,Nook Shopping 
photos_324,Flurry's Photo,Photos,Friendship 
photos_325,Flurry's Poster,Posters,Nook Shopping 
photos_326,Francine's Photo,Photos,Friendship 
photos_327,Francine's Poster,Posters,Nook Shopping 
photos_328,Frank's Photo,Photos,Friendship 
photos_329,Frank's Poster,Posters,Nook Shopping 
photos_330,Franklin's Photo,Photos,Lottie 
photos_331,Franklin's Poster,Posters,Nook Shopping 
photos_332,Freckles's Photo,Photos,Friendship 
photos_333,Freckles's Poster,Posters,Nook Shopping 
photos_334,Frett's Photo,Photos,Friendship 
photos_335,Frett's Poster,Posters,Nook Shopping 
photos_336,Freya's Photo,Photos,Friendship 
photos_337,Freya's Poster,Posters,Nook Shopping 
photos_338,Friga's Photo,Photos,Friendship 
photos_339,Friga's Poster,Posters,Nook Shopping 
photos_340,Frita's Photo,Photos,Friendship 
photos_341,Frita's Poster,Posters,Nook Shopping 
photos_342,Frobert's Photo,Photos,Friendship 
photos_343,Frobert's Poster,Posters,Nook Shopping 
photos_344,Fuchsia's Photo,Photos,Friendship 
photos_345,Fuchsia's Poster,Posters,Nook Shopping 
photos_346,Gabi's Photo,Photos,Friendship 
photos_347,Gabi's Poster,Posters,Nook Shopping 
photos_348,Gala's Photo,Photos,Friendship 
photos_349,Gala's Poster,Posters,Nook Shopping 
photos_350,Gaston's Photo,Photos,Friendship 
photos_351,Gaston's Poster,Posters,Nook Shopping 
photos_352,Gayle's Photo,Photos,Friendship 
photos_353,Gayle's Poster,Posters,Nook Shopping 
photos_354,Genji's Photo,Photos,Friendship 
photos_355,Genji's Poster,Posters,Nook Shopping 
photos_356,Gigi's Photo,Photos,Friendship 
photos_357,Gigi's Poster,Posters,Nook Shopping 
photos_358,Gladys's Photo,Photos,Friendship 
photos_359,Gladys's Poster,Posters,Nook Shopping 
photos_360,Gloria's Photo,Photos,Friendship 
photos_361,Gloria's Poster,Posters,Nook Shopping 
photos_362,Goldie's Photo,Photos,Friendship 
photos_363,Goldie's Poster,Posters,Nook Shopping 
photos_364,Gonzo's Photo,Photos,Friendship 
photos_365,Gonzo's Poster,Posters,Nook Shopping 
photos_366,Goose's Photo,Photos,Friendship 
photos_367,Goose's Poster,Posters,Nook Shopping 
photos_368,Gracie's Photo,Photos,Lottie 
photos_369,Gracie's Poster,Posters,Nook Shopping 
photos_370,Graham's Photo,Photos,Friendship 
photos_371,Graham's Poster,Posters,Nook Shopping 
photos_372,Grams's Photo,Photos,Lottie 
photos_373,Grams's Poster,Posters,Nook Shopping 
photos_374,Greta's Photo,Photos,Friendship 
photos_375,Greta's Poster,Posters,Nook Shopping 
photos_376,Grizzly's Photo,Photos,Friendship 
photos_377,Grizzly's Poster,Posters,Nook Shopping 
photos_378,Groucho's Photo,Photos,Friendship 
photos_379,Groucho's Poster,Posters,Nook Shopping 
photos_380,Gruff's Photo,Photos,Friendship 
photos_381,Gruff's Poster,Posters,Nook Shopping 
photos_382,Gulliver's Photo,Photos,Lottie 
photos_383,Gulliver's Poster,Posters,Nook Shopping 
photos_384,Gwen's Photo,Photos,Friendship 
photos_385,Gwen's Poster,Posters,Nook Shopping 
photos_386,Hamlet's Photo,Photos,Friendship 
photos_387,Hamlet's Poster,Posters,Nook Shopping 
photos_388,Hamphrey's Photo,Photos,Friendship 
photos_389,Hamphrey's Poster,Posters,Nook Shopping 
photos_390,Hans's Photo,Photos,Friendship 
photos_391,Hans's Poster,Posters,Nook Shopping 
photos_392,Harriet's Photo,Photos,Lottie 
photos_393,Harriet's Poster,Posters,Nook Shopping 
photos_394,Harry's Photo,Photos,Friendship 
photos_395,Harry's Poster,Posters,Nook Shopping 
photos_396,Harvey's Photo,Photos,Lottie 
photos_397,Harvey's Poster,Posters,Nook Shopping 
photos_398,Hazel's Photo,Photos,Friendship 
photos_399,Hazel's Poster,Posters,Nook Shopping 
photos_400,Hello Kitty Poster,Posters,Nook Shopping 
photos_401,Henry's Photo,Photos,Friendship 
photos_402,Henry's Poster,Posters,Nook Shopping 
photos_403,Hippeux's Photo,Photos,Friendship 
photos_404,Hippeux's Poster,Posters,Nook Shopping 
photos_405,Hopkins's Photo,Photos,Friendship 
photos_406,Hopkins's Poster,Posters,Nook Shopping 
photos_407,Hopper's Photo,Photos,Friendship 
photos_408,Hopper's Poster,Posters,Nook Shopping 
photos_409,Hornsby's Photo,Photos,Friendship 
photos_410,Hornsby's Poster,Posters,Nook Shopping 
photos_411,Huck's Photo,Photos,Friendship 
photos_412,Huck's Poster,Posters,Nook Shopping 
photos_413,Hugh's Photo,Photos,Friendship 
photos_414,Hugh's Poster,Posters,Nook Shopping 
photos_415,Iggly's Photo,Photos,Friendship 
photos_416,Iggly's Poster,Posters,Nook Shopping 
photos_417,Ike's Photo,Photos,Friendship 
photos_418,Ike's Poster,Posters,Nook Shopping 
photos_419,Ione's Photo,Photos,Friendship 
photos_420,Ione's Poster,Posters,Nook Shopping 
photos_421,Isabelle's Photo,Photos,NookLink Lottie 
photos_422,Isabelle's Poster,Posters,Nook Shopping 
photos_423,Jack's Photo,Photos,Lottie 
photos_424,Jack's Poster,Posters,Nook Shopping 
photos_425,Jacob's Photo,Photos,Friendship 
photos_426,Jacob's Poster,Posters,Nook Shopping 
photos_427,Jacques's Photo,Photos,Friendship 
photos_428,Jacques's Poster,Posters,Nook Shopping 
photos_429,Jambette's Photo,Photos,Friendship 
photos_430,Jambette's Poster,Posters,Nook Shopping 
photos_431,Jay's Photo,Photos,Friendship 
photos_432,Jay's Poster,Posters,Nook Shopping 
photos_433,Jeremiah's Photo,Photos,Friendship 
photos_434,Jeremiah's Poster,Posters,Nook Shopping 
photos_435,Jingle's Photo,Photos,Jingle Lottie 
photos_436,Jingle's Poster,Posters,Nook Shopping 
photos_437,Jitters's Photo,Photos,Friendship 
photos_438,Jitters's Poster,Posters,Nook Shopping 
photos_439,Joan's Photo,Photos,Lottie 
photos_440,Joan's Poster,Posters,Nook Shopping 
photos_441,Joey's Photo,Photos,Friendship 
photos_442,Joey's Poster,Posters,Nook Shopping 
photos_443,Judy's Photo,Photos,Friendship 
photos_444,Judy's Poster,Posters,Nook Shopping 
photos_445,Julia's Photo,Photos,Friendship 
photos_446,Julia's Poster,Posters,Nook Shopping 
photos_447,Julian's Photo,Photos,Friendship 
photos_448,Julian's Poster,Posters,Nook Shopping 
photos_449,June's Photo,Photos,Friendship 
photos_450,June's Poster,Posters,Nook Shopping 
photos_451,K.K.'s Photo,Photos,Lottie 
photos_452,K.K.'s Poster,Posters,Nook Shopping 
photos_453,Kabuki's Photo,Photos,Friendship 
photos_454,Kabuki's Poster,Posters,Nook Shopping 
photos_455,Kapp'n's Photo,Photos,Lottie 
photos_456,Kapp'n's Poster,Posters,Nook Shopping 
photos_457,Katie's Photo,Photos,Lottie 
photos_458,Katie's Poster,Posters,Nook Shopping 
photos_459,Katrina's Photo,Photos,Lottie 
photos_460,Katrina's Poster,Posters,Nook Shopping 
photos_461,Katt's Photo,Photos,Friendship 
photos_462,Katt's Poster,Posters,Nook Shopping 
photos_463,Keaton's Photo,Photos,Friendship 
photos_464,Keaton's Poster,Posters,Nook Shopping 
photos_465,Ken's Photo,Photos,Friendship 
photos_466,Ken's Poster,Posters,Nook Shopping 
photos_467,Kerokerokeroppi Poster,Posters,Nook Shopping 
photos_468,Ketchup's Photo,Photos,Friendship 
photos_469,Ketchup's Poster,Posters,Nook Shopping 
photos_470,Kevin's Photo,Photos,Friendship 
photos_471,Kevin's Poster,Posters,Nook Shopping 
photos_472,Kicks's Photo,Photos,Lottie 
photos_473,Kicks's Poster,Posters,Nook Shopping 
photos_474,Kid Cat's Photo,Photos,Friendship 
photos_475,Kid Cat's Poster,Posters,Nook Shopping 
photos_476,Kidd's Photo,Photos,Friendship 
photos_477,Kidd's Poster,Posters,Nook Shopping 
photos_478,Kiki & Lala Poster,Posters,Nook Shopping 
photos_479,Kiki's Photo,Photos,Friendship 
photos_480,Kiki's Poster,Posters,Nook Shopping 
photos_481,Kitt's Photo,Photos,Friendship 
photos_482,Kitt's Poster,Posters,Nook Shopping 
photos_483,Kitty's Photo,Photos,Friendship 
photos_484,Kitty's Poster,Posters,Nook Shopping 
photos_485,Klaus's Photo,Photos,Friendship 
photos_486,Klaus's Poster,Posters,Nook Shopping 
photos_487,Knox's Photo,Photos,Friendship 
photos_488,Knox's Poster,Posters,Nook Shopping 
photos_489,Kody's Photo,Photos,Friendship 
photos_490,Kody's Poster,Posters,Nook Shopping 
photos_491,Kyle's Photo,Photos,Friendship 
photos_492,Kyle's Poster,Posters,Nook Shopping 
photos_493,Label's Photo,Photos,Lottie 
photos_494,Label's Poster,Posters,Nook Shopping 
photos_495,Leif's Photo,Photos,Lottie 
photos_496,Leif's Poster,Posters,Nook Shopping 
photos_497,Leila's Photo,Photos,Lottie 
photos_498,Leila's Poster,Posters,Nook Shopping 
photos_499,Leilani's Photo,Photos,Lottie 
photos_500,Leilani's Poster,Posters,Nook Shopping 
photos_501,Leonardo's Photo,Photos,Friendship 
photos_502,Leonardo's Poster,Posters,Nook Shopping 
photos_503,Leopold's Photo,Photos,Friendship 
photos_504,Leopold's Poster,Posters,Nook Shopping 
photos_505,Lily's Photo,Photos,Friendship 
photos_506,Lily's Poster,Posters,Nook Shopping 
photos_507,Limberg's Photo,Photos,Friendship 
photos_508,Limberg's Poster,Posters,Nook Shopping 
photos_509,Lionel's Photo,Photos,Friendship 
photos_510,Lionel's Poster,Posters,Nook Shopping 
photos_511,Lobo's Photo,Photos,Friendship 
photos_512,Lobo's Poster,Posters,Nook Shopping 
photos_513,Lolly's Photo,Photos,Friendship 
photos_514,Lolly's Poster,Posters,Nook Shopping 
photos_515,Lopez's Photo,Photos,Friendship 
photos_516,Lopez's Poster,Posters,Nook Shopping 
photos_517,Lottie's Photo,Photos,Lottie 
photos_518,Lottie's Poster,Posters,Nook Shopping 
photos_519,Louie's Photo,Photos,Friendship 
photos_520,Louie's Poster,Posters,Nook Shopping 
photos_521,Lucha's Photo,Photos,Friendship 
photos_522,Lucha's Poster,Posters,Nook Shopping 
photos_523,Lucky's Photo,Photos,Friendship 
photos_524,Lucky's Poster,Posters,Nook Shopping 
photos_525,Lucy's Photo,Photos,Friendship 
photos_526,Lucy's Poster,Posters,Nook Shopping 
photos_527,Luna's Photo,Photos,Lottie 
photos_528,Luna's Poster,Posters,Nook Shopping 
photos_529,Lyle's Photo,Photos,Lottie 
photos_530,Lyle's Poster,Posters,Nook Shopping 
photos_531,Lyman's Photo,Photos,Friendship 
photos_532,Lyman's Poster,Posters,Nook Shopping 
photos_533,Mabel's Photo,Photos,Lottie 
photos_534,Mabel's Poster,Posters,Nook Shopping 
photos_535,Mac's Photo,Photos,Friendship 
photos_536,Mac's Poster,Posters,Nook Shopping 
photos_537,Maddie's Photo,Photos,Friendship 
photos_538,Maddie's Poster,Posters,Nook Shopping 
photos_539,Maelle's Photo,Photos,Friendship 
photos_540,Maelle's Poster,Posters,Nook Shopping 
photos_541,Maggie's Photo,Photos,Friendship 
photos_542,Maggie's Poster,Posters,Nook Shopping 
photos_543,Mallary's Photo,Photos,Friendship 
photos_544,Mallary's Poster,Posters,Nook Shopping 
photos_545,Maple's Photo,Photos,Friendship 
photos_546,Maple's Poster,Posters,Nook Shopping 
photos_547,Marcel's Photo,Photos,Friendship 
photos_548,Marcel's Poster,Posters,Nook Shopping 
photos_549,Marcie's Photo,Photos,Friendship 
photos_550,Marcie's Poster,Posters,Nook Shopping 
photos_551,Margie's Photo,Photos,Friendship 
photos_552,Margie's Poster,Posters,Nook Shopping 
photos_553,Marina's Photo,Photos,Friendship 
photos_554,Marina's Poster,Posters,Nook Shopping 
photos_555,Marlo's Photo,Photos,Friendship 
photos_556,Marlo's Poster,Posters,Nook Shopping 
photos_557,Marshal's Photo,Photos,Friendship 
photos_558,Marshal's Poster,Posters,Nook Shopping 
photos_559,Marty's Photo,Photos,Friendship 
photos_560,Marty's Poster,Posters,Nook Shopping 
photos_561,Mathilda's Photo,Photos,Friendship 
photos_562,Mathilda's Poster,Posters,Nook Shopping 
photos_563,Megan's Photo,Photos,Friendship 
photos_564,Megan's Poster,Posters,Nook Shopping 
photos_565,Melba's Photo,Photos,Friendship 
photos_566,Melba's Poster,Posters,Nook Shopping 
photos_567,Merengue's Photo,Photos,Friendship 
photos_568,Merengue's Poster,Posters,Nook Shopping 
photos_569,Merry's Photo,Photos,Friendship 
photos_570,Merry's Poster,Posters,Nook Shopping 
photos_571,Midge's Photo,Photos,Friendship 
photos_572,Midge's Poster,Posters,Nook Shopping 
photos_573,Mint's Photo,Photos,Friendship 
photos_574,Mint's Poster,Posters,Nook Shopping 
photos_575,Mira's Photo,Photos,Friendship 
photos_576,Mira's Poster,Posters,Nook Shopping 
photos_577,Miranda's Photo,Photos,Friendship 
photos_578,Miranda's Poster,Posters,Nook Shopping 
photos_579,Mitzi's Photo,Photos,Friendship 
photos_580,Mitzi's Poster,Posters,Nook Shopping 
photos_581,Moe's Photo,Photos,Friendship 
photos_582,Moe's Poster,Posters,Nook Shopping 
photos_583,Molly's Photo,Photos,Friendship 
photos_584,Molly's Poster,Posters,Nook Shopping 
photos_585,Monique's Photo,Photos,Friendship 
photos_586,Monique's Poster,Posters,Nook Shopping 
photos_587,Monty's Photo,Photos,Friendship 
photos_588,Monty's Poster,Posters,Nook Shopping 
photos_589,Moose's Photo,Photos,Friendship 
photos_590,Moose's Poster,Posters,Nook Shopping 
photos_591,Mott's Photo,Photos,Friendship 
photos_592,Mott's Poster,Posters,Nook Shopping 
photos_593,Muffy's Photo,Photos,Friendship 
photos_594,Muffy's Poster,Posters,Nook Shopping 
photos_595,Murphy's Photo,Photos,Friendship 
photos_596,Murphy's Poster,Posters,Nook Shopping 
photos_597,My Melody Poster,Posters,Nook Shopping 
photos_598,Nan's Photo,Photos,Friendship 
photos_599,Nan's Poster,Posters,Nook Shopping 
photos_600,Nana's Photo,Photos,Friendship 
photos_601,Nana's Poster,Posters,Nook Shopping 
photos_602,Naomi's Photo,Photos,Friendship 
photos_603,Naomi's Poster,Posters,Nook Shopping 
photos_604,Nat's Photo,Photos,Lottie 
photos_605,Nat's Poster,Posters,Nook Shopping 
photos_606,Nate's Photo,Photos,Friendship 
photos_607,Nate's Poster,Posters,Nook Shopping 
photos_608,Nibbles's Photo,Photos,Friendship 
photos_609,Nibbles's Poster,Posters,Nook Shopping 
photos_610,Niko's Photo,Photos,Niko 
photos_611,Niko's Poster,Posters,Nook Shopping 
photos_612,Norma's Photo,Photos,Friendship 
photos_613,Norma's Poster,Posters,Nook Shopping 
photos_614,O'Hare's Photo,Photos,Friendship 
photos_615,O'Hare's Poster,Posters,Nook Shopping 
photos_616,Octavian's Photo,Photos,Friendship 
photos_617,Octavian's Poster,Posters,Nook Shopping 
photos_618,Olaf's Photo,Photos,Friendship 
photos_619,Olaf's Poster,Posters,Nook Shopping 
photos_620,Olive's Photo,Photos,Friendship 
photos_621,Olive's Poster,Posters,Nook Shopping 
photos_622,Olivia's Photo,Photos,Friendship 
photos_623,Olivia's Poster,Posters,Nook Shopping 
photos_624,Opal's Photo,Photos,Friendship 
photos_625,Opal's Poster,Posters,Nook Shopping 
photos_626,Orville's Photo,Photos,Lottie 
photos_627,Orville's Poster,Posters,Nook Shopping 
photos_628,Ozzie's Photo,Photos,Friendship 
photos_629,Ozzie's Poster,Posters,Nook Shopping 
photos_630,Pancetti's Photo,Photos,Friendship 
photos_631,Pancetti's Poster,Posters,Nook Shopping 
photos_632,Pango's Photo,Photos,Friendship 
photos_633,Pango's Poster,Posters,Nook Shopping 
photos_634,Paolo's Photo,Photos,Friendship 
photos_635,Paolo's Poster,Posters,Nook Shopping 
photos_636,Papi's Photo,Photos,Friendship 
photos_637,Papi's Poster,Posters,Nook Shopping 
photos_638,Pascal's Photo,Photos,Lottie 
photos_639,Pascal's Poster,Posters,Nook Shopping 
photos_640,Pashmina's Photo,Photos,Friendship 
photos_641,Pashmina's Poster,Posters,Nook Shopping 
photos_642,Pate's Photo,Photos,Friendship 
photos_643,Pate's Poster,Posters,Nook Shopping 
photos_644,Patty's Photo,Photos,Friendship 
photos_645,Patty's Poster,Posters,Nook Shopping 
photos_646,Paula's Photo,Photos,Friendship 
photos_647,Paula's Poster,Posters,Nook Shopping 
photos_648,Pavé's Photo,Photos,Lottie 
photos_649,Pavé's Poster,Posters,Nook Shopping 
photos_650,Peaches's Photo,Photos,Friendship 
photos_651,Peaches's Poster,Posters,Nook Shopping 
photos_652,Peanut's Photo,Photos,Friendship 
photos_653,Peanut's Poster,Posters,Nook Shopping 
photos_654,Pecan's Photo,Photos,Friendship 
photos_655,Pecan's Poster,Posters,Nook Shopping 
photos_656,Peck's Photo,Photos,Friendship 
photos_657,Peck's Poster,Posters,Nook Shopping 
photos_658,Peewee's Photo,Photos,Friendship 
photos_659,Peewee's Poster,Posters,Nook Shopping 
photos_660,Peggy's Photo,Photos,Friendship 
photos_661,Peggy's Poster,Posters,Nook Shopping 
photos_662,Pekoe's Photo,Photos,Friendship 
photos_663,Pekoe's Poster,Posters,Nook Shopping 
photos_664,Pelly's Photo,Photos,Lottie 
photos_665,Pelly's Poster,Posters,Nook Shopping 
photos_666,Penelope's Photo,Photos,Friendship 
photos_667,Penelope's Poster,Posters,Nook Shopping 
photos_668,Pete's Photo,Photos,Lottie 
photos_669,Pete's Poster,Posters,Nook Shopping 
photos_670,Petri's Photo,Photos,Friendship 
photos_671,Petri's Poster,Posters,Nook Shopping 
photos_672,Phil's Photo,Photos,Friendship 
photos_673,Phil's Poster,Posters,Nook Shopping 
photos_674,Phineas's Photo,Photos,Lottie 
photos_675,Phineas's Poster,Posters,Nook Shopping 
photos_676,Phoebe's Photo,Photos,Friendship 
photos_677,Phoebe's Poster,Posters,Nook Shopping 
photos_678,Phyllis's Photo,Photos,Lottie 
photos_679,Phyllis's Poster,Posters,Nook Shopping 
photos_680,Pierce's Photo,Photos,Friendship 
photos_681,Pierce's Poster,Posters,Nook Shopping 
photos_682,Pietro's Photo,Photos,Friendship 
photos_683,Pietro's Poster,Posters,Nook Shopping 
photos_684,Pinky's Photo,Photos,Friendship 
photos_685,Pinky's Poster,Posters,Nook Shopping 
photos_686,Piper's Photo,Photos,Friendship 
photos_687,Piper's Poster,Posters,Nook Shopping 
photos_688,Pippy's Photo,Photos,Friendship 
photos_689,Pippy's Poster,Posters,Nook Shopping 
photos_690,Plucky's Photo,Photos,Friendship 
photos_691,Plucky's Poster,Posters,Nook Shopping 
photos_692,Pompom's Photo,Photos,Friendship 
photos_693,Pompom's Poster,Posters,Nook Shopping 
photos_694,Pompompurin Poster,Posters,Nook Shopping 
photos_695,Poncho's Photo,Photos,Friendship 
photos_696,Poncho's Poster,Posters,Nook Shopping 
photos_697,Poppy's Photo,Photos,Friendship 
photos_698,Poppy's Poster,Posters,Nook Shopping 
photos_699,Porter's Photo,Photos,Lottie 
photos_700,Porter's Poster,Posters,Nook Shopping 
photos_701,Portia's Photo,Photos,Friendship 
photos_702,Portia's Poster,Posters,Nook Shopping 
photos_703,Prince's Photo,Photos,Friendship 
photos_704,Prince's Poster,Posters,Nook Shopping 
photos_705,Puck's Photo,Photos,Friendship 
photos_706,Puck's Poster,Posters,Nook Shopping 
photos_707,Puddles's Photo,Photos,Friendship 
photos_708,Puddles's Poster,Posters,Nook Shopping 
photos_709,Pudge's Photo,Photos,Friendship 
photos_710,Pudge's Poster,Posters,Nook Shopping 
photos_711,Punchy's Photo,Photos,Friendship 
photos_712,Punchy's Poster,Posters,Nook Shopping 
photos_713,Purrl's Photo,Photos,Friendship 
photos_714,Purrl's Poster,Posters,Nook Shopping 
photos_715,Queenie's Photo,Photos,Friendship 
photos_716,Queenie's Poster,Posters,Nook Shopping 
photos_717,Quillson's Photo,Photos,Friendship 
photos_718,Quillson's Poster,Posters,Nook Shopping 
photos_719,Quinn's Photo,Photos,Friendship 
photos_720,Quinn's Poster,Posters,Nook Shopping 
photos_721,Raddle's Photo,Photos,Friendship 
photos_722,Raddle's Poster,Posters,Nook Shopping 
photos_723,Rasher's Photo,Photos,Friendship 
photos_724,Rasher's Poster,Posters,Nook Shopping 
photos_725,Raymond's Photo,Photos,Friendship 
photos_726,Raymond's Poster,Posters,Nook Shopping 
photos_727,Redd's Photo,Photos,Lottie 
photos_728,Redd's Poster,Posters,Nook Shopping 
photos_729,Reese's Photo,Photos,Lottie 
photos_730,Reese's Poster,Posters,Nook Shopping 
photos_731,Renée's Photo,Photos,Friendship 
photos_732,Renée's Poster,Posters,Nook Shopping 
photos_733,Reneigh's Photo,Photos,Friendship 
photos_734,Reneigh's Poster,Posters,Nook Shopping 
photos_735,Resetti's Photo,Photos,Lottie 
photos_736,Resetti's Poster,Posters,Nook Shopping 
photos_737,Rex's Photo,Photos,Friendship 
photos_738,Rex's Poster,Posters,Nook Shopping 
photos_739,Rhonda's Photo,Photos,Friendship 
photos_740,Rhonda's Poster,Posters,Nook Shopping 
photos_741,Ribbot's Photo,Photos,Friendship 
photos_742,Ribbot's Poster,Posters,Nook Shopping 
photos_743,Ricky's Photo,Photos,Friendship 
photos_744,Ricky's Poster,Posters,Nook Shopping 
photos_745,Rilla's Photo,Photos,Friendship 
photos_746,Rilla's Poster,Posters,Nook Shopping 
photos_747,Rio's Photo,Photos,Friendship 
photos_748,Rio's Poster,Posters,Nook Shopping 
photos_749,Rizzo's Photo,Photos,Friendship 
photos_750,Rizzo's Poster,Posters,Nook Shopping 
photos_751,Roald's Photo,Photos,Friendship 
photos_752,Roald's Poster,Posters,Nook Shopping 
photos_753,Robin's Photo,Photos,Friendship 
photos_754,Robin's Poster,Posters,Nook Shopping 
photos_755,Rocco's Photo,Photos,Friendship 
photos_756,Rocco's Poster,Posters,Nook Shopping 
photos_757,Rocket's Photo,Photos,Friendship 
photos_758,Rocket's Poster,Posters,Nook Shopping 
photos_759,Rod's Photo,Photos,Friendship 
photos_760,Rod's Poster,Posters,Nook Shopping 
photos_761,Rodeo's Photo,Photos,Friendship 
photos_762,Rodeo's Poster,Posters,Nook Shopping 
photos_763,Rodney's Photo,Photos,Friendship 
photos_764,Rodney's Poster,Posters,Nook Shopping 
photos_765,Rolf's Photo,Photos,Friendship 
photos_766,Rolf's Poster,Posters,Nook Shopping 
photos_767,Rooney's Photo,Photos,Friendship 
photos_768,Rooney's Poster,Posters,Nook Shopping 
photos_769,Rory's Photo,Photos,Friendship 
photos_770,Rory's Poster,Posters,Nook Shopping 
photos_771,Roscoe's Photo,Photos,Friendship 
photos_772,Roscoe's Poster,Posters,Nook Shopping 
photos_773,Rosie's Photo,Photos,Friendship 
photos_774,Rosie's Poster,Posters,Nook Shopping 
photos_775,Roswell's Photo,Photos,Friendship 
photos_776,Roswell's Poster,Posters,Nook Shopping 
photos_777,Rover's Photo,Photos,Rover Lottie 
photos_778,Rover's Poster,Posters,Nook Shopping 
photos_779,Rowan's Photo,Photos,Friendship 
photos_780,Rowan's Poster,Posters,Nook Shopping 
photos_781,Ruby's Photo,Photos,Friendship 
photos_782,Ruby's Poster,Posters,Nook Shopping 
photos_783,Rudy's Photo,Photos,Friendship 
photos_784,Rudy's Poster,Posters,Nook Shopping 
photos_785,Sable's Photo,Photos,Lottie 
photos_786,Sable's Poster,Posters,Nook Shopping 
photos_787,Saharah's Photo,Photos,Lottie 
photos_788,Saharah's Poster,Posters,Nook Shopping 
photos_789,Sally's Photo,Photos,Friendship 
photos_790,Sally's Poster,Posters,Nook Shopping 
photos_791,Samson's Photo,Photos,Friendship 
photos_792,Samson's Poster,Posters,Nook Shopping 
photos_793,Sandy's Photo,Photos,Friendship 
photos_794,Sandy's Poster,Posters,Nook Shopping 
photos_795,Sasha's Photo,Photos,Friendship 
photos_796,Sasha's Poster,Posters,Nook Shopping 
photos_797,Savannah's Photo,Photos,Friendship 
photos_798,Savannah's Poster,Posters,Nook Shopping 
photos_799,Scoot's Photo,Photos,Friendship 
photos_800,Scoot's Poster,Posters,Nook Shopping 
photos_801,Shari's Photo,Photos,Friendship 
photos_802,Shari's Poster,Posters,Nook Shopping 
photos_803,Sheldon's Photo,Photos,Friendship 
photos_804,Sheldon's Poster,Posters,Nook Shopping 
photos_805,Shep's Photo,Photos,Friendship 
photos_806,Shep's Poster,Posters,Nook Shopping 
photos_807,Sherb's Photo,Photos,Friendship 
photos_808,Sherb's Poster,Posters,Nook Shopping 
photos_809,Shino's Photo,Photos,Friendship 
photos_810,Shino's Poster,Posters,Nook Shopping 
photos_811,Shrunk's Photo,Photos,Lottie 
photos_812,Shrunk's Poster,Posters,Nook Shopping 
photos_813,Simon's Photo,Photos,Friendship 
photos_814,Simon's Poster,Posters,Nook Shopping 
photos_815,Skye's Photo,Photos,Friendship 
photos_816,Skye's Poster,Posters,Nook Shopping 
photos_817,Sly's Photo,Photos,Friendship 
photos_818,Sly's Poster,Posters,Nook Shopping 
photos_819,Snake's Photo,Photos,Friendship 
photos_820,Snake's Poster,Posters,Nook Shopping 
photos_821,Snooty's Photo,Photos,Friendship 
photos_822,Snooty's Poster,Posters,Nook Shopping 
photos_823,Soleil's Photo,Photos,Friendship 
photos_824,Soleil's Poster,Posters,Nook Shopping 
photos_825,Sparro's Photo,Photos,Friendship 
photos_826,Sparro's Poster,Posters,Nook Shopping 
photos_827,Spike's Photo,Photos,Friendship 
photos_828,Spike's Poster,Posters,Nook Shopping 
photos_829,Spork's Photo,Photos,Friendship 
photos_830,Spork's Poster,Posters,Nook Shopping 
photos_831,Sprinkle's Photo,Photos,Friendship 
photos_832,Sprinkle's Poster,Posters,Nook Shopping 
photos_833,Sprocket's Photo,Photos,Friendship 
photos_834,Sprocket's Poster,Posters,Nook Shopping 
photos_835,Static's Photo,Photos,Friendship 
photos_836,Static's Poster,Posters,Nook Shopping 
photos_837,Stella's Photo,Photos,Friendship 
photos_838,Stella's Poster,Posters,Nook Shopping 
photos_839,Sterling's Photo,Photos,Friendship 
photos_840,Sterling's Poster,Posters,Nook Shopping 
photos_841,Stinky's Photo,Photos,Friendship 
photos_842,Stinky's Poster,Posters,Nook Shopping 
photos_843,Stitches's Photo,Photos,Friendship 
photos_844,Stitches's Poster,Posters,Nook Shopping 
photos_845,Stu's Photo,Photos,Friendship 
photos_846,Stu's Poster,Posters,Nook Shopping 
photos_847,Sydney's Photo,Photos,Friendship 
photos_848,Sydney's Poster,Posters,Nook Shopping 
photos_849,Sylvana's Photo,Photos,Friendship 
photos_850,Sylvana's Poster,Posters,Nook Shopping 
photos_851,Sylvia's Photo,Photos,Friendship 
photos_852,Sylvia's Poster,Posters,Nook Shopping 
photos_853,T-Bone's Photo,Photos,Friendship 
photos_854,T-Bone's Poster,Posters,Nook Shopping 
photos_855,Tabby's Photo,Photos,Friendship 
photos_856,Tabby's Poster,Posters,Nook Shopping 
photos_857,Tad's Photo,Photos,Friendship 
photos_858,Tad's Poster,Posters,Nook Shopping 
photos_859,Tammi's Photo,Photos,Friendship 
photos_860,Tammi's Poster,Posters,Nook Shopping 
photos_861,Tammy's Photo,Photos,Friendship 
photos_862,Tammy's Poster,Posters,Nook Shopping 
photos_863,Tangy's Photo,Photos,Friendship 
photos_864,Tangy's Poster,Posters,Nook Shopping 
photos_865,Tank's Photo,Photos,Friendship 
photos_866,Tank's Poster,Posters,Nook Shopping 
photos_867,Tasha's Photo,Photos,Friendship 
photos_868,Tasha's Poster,Posters,Nook Shopping 
photos_869,Teddy's Photo,Photos,Friendship 
photos_870,Teddy's Poster,Posters,Nook Shopping 
photos_871,Tex's Photo,Photos,Friendship 
photos_872,Tex's Poster,Posters,Nook Shopping 
photos_873,Tia's Photo,Photos,Friendship 
photos_874,Tia's Poster,Posters,Nook Shopping 
photos_875,Tiansheng's Photo,Photos,Friendship 
photos_876,Tiansheng's Poster,Posters,Nook Shopping 
photos_877,Tiffany's Photo,Photos,Friendship 
photos_878,Tiffany's Poster,Posters,Nook Shopping 
photos_879,Timbra's Photo,Photos,Friendship 
photos_880,Timbra's Poster,Posters,Nook Shopping 
photos_881,Timmy and Tommy's Photo,Photos,NookLink Lottie 
photos_882,Timmy's Poster,Posters,Nook Shopping 
photos_883,Tipper's Photo,Photos,Friendship 
photos_884,Tipper's Poster,Posters,Nook Shopping 
photos_885,Toby's Photo,Photos,Friendship 
photos_886,Toby's Poster,Posters,Nook Shopping 
photos_887,Tom Nook's Photo,Photos,NookLink Lottie 
photos_888,Tom Nook's Poster,Posters,Nook Shopping 
photos_889,Tom's Photo,Photos,Friendship 
photos_890,Tom's Poster,Posters,Nook Shopping 
photos_891,Tommy's Poster,Posters,Nook Shopping 
photos_892,Tortimer's Photo,Photos,Lottie 
photos_893,Tortimer's Poster,Posters,Nook Shopping 
photos_894,Truffles's Photo,Photos,Friendship 
photos_895,Truffles's Poster,Posters,Nook Shopping 
photos_896,Tucker's Photo,Photos,Friendship 
photos_897,Tucker's Poster,Posters,Nook Shopping 
photos_898,Tutu's Photo,Photos,Friendship 
photos_899,Tutu's Poster,Posters,Nook Shopping 
photos_900,Twiggy's Photo,Photos,Friendship 
photos_901,Twiggy's Poster,Posters,Nook Shopping 
photos_902,Tybalt's Photo,Photos,Friendship 
photos_903,Tybalt's Poster,Posters,Nook Shopping 
photos_904,Ursala's Photo,Photos,Friendship 
photos_905,Ursala's Poster,Posters,Nook Shopping 
photos_906,Velma's Photo,Photos,Friendship 
photos_907,Velma's Poster,Posters,Nook Shopping 
photos_908,Vesta's Photo,Photos,Friendship 
photos_909,Vesta's Poster,Posters,Nook Shopping 
photos_910,Vic's Photo,Photos,Friendship 
photos_911,Vic's Poster,Posters,Nook Shopping 
photos_912,Victoria's Photo,Photos,Friendship 
photos_913,Victoria's Poster,Posters,Nook Shopping 
photos_914,Villager's Poster,Posters,Nook Shopping 
photos_915,Violet's Photo,Photos,Friendship 
photos_916,Violet's Poster,Posters,Nook Shopping 
photos_917,Vivian's Photo,Photos,Friendship 
photos_918,Vivian's Poster,Posters,Nook Shopping 
photos_919,Vladimir's Photo,Photos,Friendship 
photos_920,Vladimir's Poster,Posters,Nook Shopping 
photos_921,Wade's Photo,Photos,Friendship 
photos_922,Wade's Poster,Posters,Nook Shopping 
photos_923,Walker's Photo,Photos,Friendship 
photos_924,Walker's Poster,Posters,Nook Shopping 
photos_925,Walt's Photo,Photos,Friendship 
photos_926,Walt's Poster,Posters,Nook Shopping 
photos_927,Wardell's Photo,Photos,Wardell 
photos_928,Wardell's Poster,Posters,Nook Shopping 
photos_929,Wart Jr.'s Photo,Photos,Friendship 
photos_930,Wart Jr.'s Poster,Posters,Nook Shopping 
photos_931,Weber's Photo,Photos,Friendship 
photos_932,Weber's Poster,Posters,Nook Shopping 
photos_933,Wendell's Photo,Photos,Lottie 
photos_934,Wendell's Poster,Posters,Nook Shopping 
photos_935,Wendy's Photo,Photos,Friendship 
photos_936,Wendy's Poster,Posters,Nook Shopping 
photos_937,Whitney's Photo,Photos,Friendship 
photos_938,Whitney's Poster,Posters,Nook Shopping 
photos_939,Wilbur's Photo,Photos,Lottie 
photos_940,Wilbur's Poster,Posters,Nook Shopping 
photos_941,Willow's Photo,Photos,Friendship 
photos_942,Willow's Poster,Posters,Nook Shopping 
photos_943,Winnie's Photo,Photos,Friendship 
photos_944,Winnie's Poster,Posters,Nook Shopping 
photos_945,Wisp's Photo,Photos,Lottie 
photos_946,Wisp's Poster,Posters,Nook Shopping 
photos_947,Wolfgang's Photo,Photos,Friendship 
photos_948,Wolfgang's Poster,Posters,Nook Shopping 
photos_949,Yuka's Photo,Photos,Friendship 
photos_950,Yuka's Poster,Posters,Nook Shopping 
photos_951,Zell's Photo,Photos,Friendship 
photos_952,Zell's Poster,Posters,Nook Shopping 
photos_953,Zipper's Photo,Photos,Lottie 
photos_954,Zipper's Poster,Posters,Nook Shopping 
photos_955,Zoe's Photo,Photos,Friendship 
photos_956,Zoe's Poster,Posters,Nook Shopping 
photos_957,Zucker's Photo,Photos,Friendship 
photos_958,Zucker's Poster,Posters,Nook Shopping 
